Column1,B350ML22 2024-03-20_14-43-31_1.obj,B350ML22 2024-03-20_14-43-31_2.obj,B350ML22 2024-03-20_14-43-31_3.obj,B350ML22 2024-03-20_14-43-31_4.obj,B350ML22 2024-03-20_14-43-31_5.obj,Pre Process Median,Column1,B350ML22 2024-03-20_14-43-31_1-LRSnp.obj,B350ML22 2024-03-20_14-43-31_2-CFW-RAp-LRSnp.obj,B350ML22 2024-03-20_14-43-31_3-CFW-LRAp-RSh-NkAll.obj,B350ML22 2024-03-20_14-43-31_4-CFW-LRAp-RSh-NkAll.obj,B350ML22 2024-03-20_14-43-31_5-CFW-LRAp-RSh-LRSnp.obj,Median,Column1,Difference in median values processed to non processed Scan 1
N01c_Neck_Column_Circ_000c,38.74,39.14,38.22,38.62,38.83,38.74,N01c_Neck_Column_Circ_000c,38.73,39.14,38.71,38.51,39,38.73,N01c_Neck_Column_Circ_000c,-0.01
N01d_Neck_Column_Circ_Depth_000d,11.97,11.98,11.96,11.54,11.98,11.97,N01d_Neck_Column_Circ_Depth_000d,11.98,11.97,11.69,11.72,12.08,11.97,N01d_Neck_Column_Circ_Depth_000d,0
N01w_Neck_Column_Circ_Width_000w,12.62,12.88,12.46,12.76,12.66,12.66,N01w_Neck_Column_Circ_Width_000w,12.61,12.88,12.78,12.62,12.82,12.78,N01w_Neck_Column_Circ_Width_000w,0.12
N01hb_Neck_Column_Circ_CB_Height_000hb,149.43,149.58,149.8,149.51,149.56,149.56,N01hb_Neck_Column_Circ_CB_Height_000hb,149.47,149.58,149.7,149.67,149.54,149.58,N01hb_Neck_Column_Circ_CB_Height_000hb,0.02
N10c_Neck_Base_Circ_001c,44.9,45.43,44.49,44.86,42.8,44.86,N10c_Neck_Base_Circ_001c,41.1,43.56,42.57,42.31,42.16,42.31,N10c_Neck_Base_Circ_001c,-2.55
N10f_Neck_Base_Circ_Fr_Arc_001f,19.75,20.49,19.52,20.74,21.49,20.49,N10f_Neck_Base_Circ_Fr_Arc_001f,24.54,24.75,25.25,25.42,25.43,25.25,N10f_Neck_Base_Circ_Fr_Arc_001f,4.76
N10b_Neck_Base_Circ_Bk_Arc_001b,25.14,24.94,24.97,24.12,21.31,24.94,N10b_Neck_Base_Circ_Bk_Arc_001b,16.57,18.81,17.32,16.89,16.74,16.89,N10b_Neck_Base_Circ_Bk_Arc_001b,-8.05
N10d_Neck_Base_Circ_Depth_001d,11.84,13.18,11.38,12.25,11.92,11.92,N10d_Neck_Base_Circ_Depth_001d,11.99,12.65,12.86,11.64,12.16,12.16,N10d_Neck_Base_Circ_Depth_001d,0.24
N10df_Neck_Base_Circ_Fr_Depth_001df,10.45,10.79,9.01,10.21,9.94,10.21,N10df_Neck_Base_Circ_Fr_Depth_001df,8.78,8.51,9.59,8.85,9.12,8.85,N10df_Neck_Base_Circ_Fr_Depth_001df,-1.36
N10db_Neck_Base_Circ_Bk_Depth_001db,1.39,2.38,2.37,2.04,1.97,2.04,N10db_Neck_Base_Circ_Bk_Depth_001db,3.2,4.14,3.28,2.79,3.03,3.2,N10db_Neck_Base_Circ_Bk_Depth_001db,1.16
N10w_Neck_Base_Circ_Width_001w,13.89,14.35,15.65,14.39,11.96,14.35,N10w_Neck_Base_Circ_Width_001w,13.7,15.2,14.26,14.68,14.28,14.28,N10w_Neck_Base_Circ_Width_001w,-0.07
N10hb_Neck_Base_Circ_CB_Height_001hb,147.93,146.82,147.08,147.01,147.81,147.08,N10hb_Neck_Base_Circ_CB_Height_001hb,147.93,146.82,147.17,148.21,147.8,147.8,N10hb_Neck_Base_Circ_CB_Height_001hb,0.72
N10xhl_Neck_Base_Side_Neck_Height_L,147.98,147.96,146.98,147.56,147.53,147.56,N10xhl_Neck_Base_Side_Neck_Height_L,147.64,146.86,147.51,147.13,147.26,147.26,N10xhl_Neck_Base_Side_Neck_Height_L,-0.3
N10xhr_Neck_Base_Side_Neck_Height_R,146.57,146.38,146.76,146.46,147.72,146.57,N10xhr_Neck_Base_Side_Neck_Height_R,147.58,146.75,146.97,147.04,147.39,147.04,N10xhr_Neck_Base_Side_Neck_Height_R,0.47
S10c_Shoulder_Circ_168c,106.42,109.4,108.4,108.38,108.44,108.4,S10c_Shoulder_Circ_168c,106.42,107.91,107.72,108.04,108.09,107.91,S10c_Shoulder_Circ_168c,-0.49
S10h_Shoulder_Circ_Height_168h,136.64,135.12,135.53,135.54,135.67,135.54,S10h_Shoulder_Circ_Height_168h,136.64,135.89,135.88,135.7,135.84,135.88,S10h_Shoulder_Circ_Height_168h,0.34
S11c_Over_Arm_Circ_073c,113.05,114.43,114.48,114.62,114.76,114.48,S11c_Over_Arm_Circ_073c,113.05,114.43,114.48,114.61,114.87,114.48,S11c_Over_Arm_Circ_073c,0
S11h_Over_Arm_Circ_Heigh_073h,132.62,131.16,130.73,130.69,130.78,130.78,S11h_Over_Arm_Circ_Heigh_073h,132.62,131.16,130.74,130.7,130.63,130.74,S11h_Over_Arm_Circ_Heigh_073h,-0.04
S11d_Over_Arm_Circ_Depth_073d,20.32,20.86,21.07,20.97,21.09,20.97,S11d_Over_Arm_Circ_Depth_073d,20.32,20.86,21.07,20.96,21.16,20.96,S11d_Over_Arm_Circ_Depth_073d,-0.01
S11w_Over_Arm_Circ_Width_073w,47.43,47.67,47.65,47.75,47.65,47.65,S11w_Over_Arm_Circ_Width_073w,47.43,47.67,47.65,47.75,47.7,47.67,S11w_Over_Arm_Circ_Width_073w,0.02
B01c_ChestBust_Circ_TM_072c,99.71,97.94,96.07,96.56,96.62,96.62,B01c_ChestBust_Circ_TM_072c,99.71,97.94,97.05,96.46,96.47,97.05,B01c_ChestBust_Circ_TM_072c,0.43
B01f_ChestBust_Circ_Fr_Arc_072f,49.86,49.18,47.9,48.96,49.19,49.18,B01f_ChestBust_Circ_Fr_Arc_072f,49.86,49.18,48.57,48.59,48.55,48.59,B01f_ChestBust_Circ_Fr_Arc_072f,-0.59
B01b_ChestBust_Circ_Bk_Arc_072b,49.76,48.68,48.09,47.47,47.33,48.09,B01b_ChestBust_Circ_Bk_Arc_072b,49.76,48.68,48.38,47.74,47.82,48.38,B01b_ChestBust_Circ_Bk_Arc_072b,0.29
B01d_ChestBust_Circ_Depth_072d,21.95,22.03,21.71,21.68,22.03,21.95,B01d_ChestBust_Circ_Depth_072d,21.95,22.03,21.99,21.67,22.01,21.99,B01d_ChestBust_Circ_Depth_072d,0.04
B01w_ChestBust_Circ_Width_072w,33.19,32.28,31.64,31.81,31.76,31.81,B01w_ChestBust_Circ_Width_072w,33.19,32.27,32.22,31.7,31.68,32.22,B01w_ChestBust_Circ_Width_072w,0.41
B01h_ChestBust_Circ_Height_072h,127.8,126.01,124.78,125.15,125.12,125.15,B01h_ChestBust_Circ_Height_072h,127.8,126.01,125.36,125.09,125.01,125.36,B01h_ChestBust_Circ_Height_072h,0.21
B01dl_ChestBust_Circ_Depth_L_072dl,22.81,22.96,21.76,22.47,22.59,22.59,B01dl_ChestBust_Circ_Depth_L_072dl,22.02,22.31,22.39,22.42,22.52,22.39,B01dl_ChestBust_Circ_Depth_L_072dl,-0.2
B01fw1_Bust_Width_1,16,14.95,19.77,16.41,13.73,16,B01fw1_Bust_Width_1,15.67,16.32,14.45,14.74,15.7,15.67,B01fw1_Bust_Width_1,-0.33
B01fw2_Bust_Width_2,20.8,20.6,21.4,21.4,20.9,20.9,B01fw2_Bust_Width_2,20.8,20.6,20.2,21.4,20.8,20.8,B01fw2_Bust_Width_2,-0.1
C01c_Chest_at_Uarm,98.59,98.41,97.87,96.58,98.51,98.41,C01c_Chest_at_Uarm,98.59,98.37,100.56,99.56,99.49,99.49,C01c_Chest_at_Uarm,1.08
C01f_Chest_at_Uarm_Fr_Arc,49.9,49.73,48.57,49.23,49.78,49.73,C01f_Chest_at_Uarm_Fr_Arc,49.9,49.57,50.08,49.96,49.98,49.96,C01f_Chest_at_Uarm_Fr_Arc,0.23
C01b_Chest_at_Uarm_Bk_Arc,48.53,48.53,48.76,47.36,48.3,48.53,C01b_Chest_at_Uarm_Bk_Arc,48.53,48.85,50.56,49.34,49.33,49.33,C01b_Chest_at_Uarm_Bk_Arc,0.8
C01xly_Underarm_Height_L,126.96,127.03,126.23,126.71,127.53,126.96,C01xly_Underarm_Height_L,126.96,127.03,128.03,127.61,129.16,127.61,C01xly_Underarm_Height_L,0.65
C01xry_Underarm_Height_R,126.27,126.31,126.56,124.13,127.1,126.31,C01xry_Underarm_Height_R,126.27,126.45,127.82,127.69,128.48,127.69,C01xry_Underarm_Height_R,1.38
U01c_UnderBust_Circ_TM_075c,98.84,91.56,91.84,92.72,91.91,91.91,U01c_UnderBust_Circ_TM_075c,98.84,91.56,91.96,92.32,91.67,91.96,U01c_UnderBust_Circ_TM_075c,0.05
U01f_UnderBust_Circ_Fr_Arc_075f,49.84,46.06,45.76,46.98,46.17,46.17,U01f_UnderBust_Circ_Fr_Arc_075f,49.84,46.06,45.14,45.94,45.93,45.94,U01f_UnderBust_Circ_Fr_Arc_075f,-0.23
U01b_UnderBust_Circ_Bk_Arc_075b,48.92,45.45,46.01,45.67,45.68,45.68,U01b_UnderBust_Circ_Bk_Arc_075b,48.92,45.45,46.76,46.29,45.68,46.29,U01b_UnderBust_Circ_Bk_Arc_075b,0.61
U01d_UnderBust_Circ_Depth_075d,22.13,21.07,21.24,21.36,21.52,21.36,U01d_UnderBust_Circ_Depth_075d,22.13,21.07,21.26,21.5,21.48,21.48,U01d_UnderBust_Circ_Depth_075d,0.12
U01w_UnderBust_Circ_Width_075w,33.07,31.32,31.25,31.55,31.71,31.55,U01w_UnderBust_Circ_Width_075w,33.07,31.32,31.26,31.07,31.59,31.32,U01w_UnderBust_Circ_Width_075w,-0.23
U01h_UnderBust_Circ_Height_075h,126.77,121.9,122.19,122.59,122.01,122.19,U01h_UnderBust_Circ_Height_075h,126.77,121.9,122.25,122.52,121.9,122.25,U01h_UnderBust_Circ_Height_075h,0.06
S20c_Stomach_Circ_TM_083c,82.77,83.06,82.63,82.72,82.87,82.77,S20c_Stomach_Circ_TM_083c,82.77,83.06,82.63,82.72,82.87,82.77,S20c_Stomach_Circ_TM_083c,0
S20f_Stomach_Circ_Fr_Arc_083f,42.7,41.5,40.64,40.74,40.85,40.85,S20f_Stomach_Circ_Fr_Arc_083f,42.7,41.5,40.64,40.73,40.86,40.86,S20f_Stomach_Circ_Fr_Arc_083f,0.01
S20b_Stomach_Circ_Bk_Arc_083b,39.95,41.42,41.85,41.85,41.92,41.85,S20b_Stomach_Circ_Bk_Arc_083b,39.95,41.42,41.85,41.85,41.91,41.85,S20b_Stomach_Circ_Bk_Arc_083b,0
S20d_Stomach_Circ_Depth_083d,20.52,20.77,20.95,20.55,20.54,20.55,S20d_Stomach_Circ_Depth_083d,20.52,20.77,20.95,20.54,20.54,20.54,S20d_Stomach_Circ_Depth_083d,-0.01
S20w_Stomach_Circ_Width_083w,30.03,30.01,30.03,29.92,30.01,30.01,S20w_Stomach_Circ_Width_083w,30.03,30.01,30.04,29.92,30.01,30.01,S20w_Stomach_Circ_Width_083w,0
S20h_Stomach_Circ_Height_083h,103.88,103.49,103.12,103.83,103.74,103.74,S20h_Stomach_Circ_Height_083h,103.88,103.49,103.08,103.78,103.69,103.69,S20h_Stomach_Circ_Height_083h,-0.05
S20zf_Stomach_Z_Point_Fr,8.4,8.89,8.59,8.76,8.48,8.59,S20zf_Stomach_Z_Point_Fr,8.4,8.89,8.58,8.75,8.47,8.58,S20zf_Stomach_Z_Point_Fr,-0.01
S20zb_Stomach_Z_Point_Bk,-12.13,-11.88,-12.36,-11.78,-12.06,-12.06,S20zb_Stomach_Z_Point_Bk,-12.13,-11.88,-12.37,-11.79,-12.07,-12.07,S20zb_Stomach_Z_Point_Bk,-0.01
W01c_Waist_SoB_2_Circ_TM_105c,79.36,79.61,78.69,79.06,79.15,79.15,W01c_Waist_SoB_2_Circ_TM_105c,79.36,79.62,78.69,79.06,79.16,79.16,W01c_Waist_SoB_2_Circ_TM_105c,0.01
W01f_Waist_SoB_2_Circ_Fr_Arc_105f,42.51,40.21,39.92,40.92,39.75,40.21,W01f_Waist_SoB_2_Circ_Fr_Arc_105f,42.51,40.22,39.92,40.29,39.76,40.22,W01f_Waist_SoB_2_Circ_Fr_Arc_105f,0.01
W01b_Waist_SoB_2_Circ_Bk_Arc_105b,36.8,39.33,38.7,38.07,39.34,38.7,W01b_Waist_SoB_2_Circ_Bk_Arc_105b,36.8,39.33,38.7,38.7,39.34,38.7,W01b_Waist_SoB_2_Circ_Bk_Arc_105b,0
W01d_Waist_SoB_2_Circ_Depth_105d,19.52,19.85,19.73,19.89,19.8,19.8,W01d_Waist_SoB_2_Circ_Depth_105d,19.52,19.86,19.59,19.51,19.72,19.59,W01d_Waist_SoB_2_Circ_Depth_105d,-0.21
W01w_Waist_SoB_2_Circ_Width_105w,28.85,28.78,28.59,28.72,28.75,28.75,W01w_Waist_SoB_2_Circ_Width_105w,28.85,28.77,28.59,28.72,28.75,28.75,W01w_Waist_SoB_2_Circ_Width_105w,0
W01h_Waist_SoB_2_Circ_Height_105h,108.76,109.18,109.91,109.94,109.4,109.4,W01h_Waist_SoB_2_Circ_Height_105h,108.76,109.18,109.91,109.94,109.4,109.4,W01h_Waist_SoB_2_Circ_Height_105h,0
W01zf_Waist_Z_Point_Fr,8.24,8.9,8.63,8.96,8.58,8.63,W01zf_Waist_Z_Point_Fr,8.24,8.9,8.48,8.57,8.5,8.5,W01zf_Waist_Z_Point_Fr,-0.13
W01zb_Waist_Z_Point_Bk,-11.29,-10.96,-11.1,-10.94,-11.22,-11.1,W01zb_Waist_Z_Point_Bk,-11.29,-10.96,-11.1,-10.94,-11.22,-11.1,W01zb_Waist_Z_Point_Bk,0
W01xly_Waist_Side_Seam_Uplift_Left,0.64,0.47,0.46,0.5,0.45,0.47,W01xly_Waist_Side_Seam_Uplift_Left,0.64,0.47,0.46,0.5,0.45,0.47,W01xly_Waist_Side_Seam_Uplift_Left,0
W01xry_Waist_Side_Seam_Uplift_Right,0.87,0.6,0.61,0.66,0.7,0.66,W01xry_Waist_Side_Seam_Uplift_Right,0.87,0.6,0.61,0.66,0.7,0.66,W01xry_Waist_Side_Seam_Uplift_Right,0
W01xhl_Waist_Outside_Leg_Left,109.41,109.65,110.37,110.44,109.86,109.86,W01xhl_Waist_Outside_Leg_Left,109.41,109.65,110.37,110.44,109.85,109.85,W01xhl_Waist_Outside_Leg_Left,-0.01
W01xhr_Waist_Outside_Leg_Right,109.63,109.78,110.52,110.61,110.1,110.1,W01xhr_Waist_Outside_Leg_Right,109.63,109.78,110.51,110.61,110.1,110.1,W01xhr_Waist_Outside_Leg_Right,0
W01yhl_Side_back_waist_to_floor_L,102.62,102.81,103.29,103.79,102.72,102.81,W01yhl_Side_back_waist_to_floor_L,102.62,102.81,103.24,103.75,103.08,103.08,W01yhl_Side_back_waist_to_floor_L,0.27
W01yhr_Side_back_waist_to_floor_R,102.49,102.67,103.18,103.7,102.6,102.67,W01yhr_Side_back_waist_to_floor_R,102.49,102.67,103.13,103.65,102.97,102.97,W01yhr_Side_back_waist_to_floor_R,0.3
W02c_Waist_C80_Cr_to_SoB2_CircTM,83.02,83.24,82.99,83.09,83.16,83.09,W02c_Waist_C80_Cr_to_SoB2_CircTM,83.02,83.24,83,83.09,83.14,83.09,W02c_Waist_C80_Cr_to_SoB2_CircTM,0
A01c_Abdomen_Circ_TM_084c,91.86,93.54,83.52,82.93,91.54,91.54,A01c_Abdomen_Circ_TM_084c,91.86,93.54,83.6,82.98,91.54,91.54,A01c_Abdomen_Circ_TM_084c,0
A01f_Abdomen_Circ_Fr_Arc_084f,42.19,44,39.19,39.12,42,42,A01f_Abdomen_Circ_Fr_Arc_084f,42.19,44,39.19,39.1,42,42,A01f_Abdomen_Circ_Fr_Arc_084f,0
A01b_Abdomen_Circ_Bk_Arc_084b,49.49,49.31,44.21,43.67,49.33,49.31,A01b_Abdomen_Circ_Bk_Arc_084b,49.49,49.31,44.28,43.74,49.33,49.31,A01b_Abdomen_Circ_Bk_Arc_084b,0
A01d_Abdomen_Circ_Depth_084d,23.48,23.05,21.67,21.45,23.4,23.05,A01d_Abdomen_Circ_Depth_084d,23.48,23.05,21.69,21.46,23.4,23.05,A01d_Abdomen_Circ_Depth_084d,0
A01w_Abdomen_Circ_Width_084w,32.98,33.56,29.62,29.52,32.83,32.83,A01w_Abdomen_Circ_Width_084w,32.98,33.56,29.64,29.54,32.83,32.83,A01w_Abdomen_Circ_Width_084w,0
A01h_Abdomen_Circ_Height_084h,91.12,88.73,99.16,99.71,91.69,91.69,A01h_Abdomen_Circ_Height_084h,91.12,88.73,99.11,99.66,91.69,91.69,A01h_Abdomen_Circ_Height_084h,0
A01zf_Abdomen_Z_Point_Fr_084zf,7.83,8.18,8,8.17,7.82,8,A01zf_Abdomen_Z_Point_Fr_084zf,7.83,8.18,7.99,8.16,7.82,7.99,A01zf_Abdomen_Z_Point_Fr_084zf,-0.01
A01zb_Abdomen_Z_Point_Bk_084zb,-15.65,-14.87,-13.67,-13.28,-15.57,-14.87,A01zb_Abdomen_Z_Point_Bk_084zb,-15.65,-14.87,-13.69,-13.3,-15.57,-14.87,A01zb_Abdomen_Z_Point_Bk_084zb,0
S01c_Seat_CircTM_086c,92.55,94.16,92.43,92.07,92.14,92.43,S01c_Seat_CircTM_086c,92.55,94.16,92.43,92.07,92.14,92.43,S01c_Seat_CircTM_086c,0
S01f_Seat_Circ_Fr_Arc_086f,42.97,44.59,42.85,42.51,42.92,42.92,S01f_Seat_Circ_Fr_Arc_086f,42.97,44.59,42.85,42.51,42.92,42.92,S01f_Seat_Circ_Fr_Arc_086f,0
S01b_Seat_Circ_Bk_Arc_086b,49.51,49.51,49.51,49.51,49.17,49.51,S01b_Seat_Circ_Bk_Arc_086b,49.51,49.51,49.51,49.51,49.17,49.51,S01b_Seat_Circ_Bk_Arc_086b,0
S01d_Seat_Circ_Depth_086d,24.34,24.4,24.23,24.29,24.24,24.29,S01d_Seat_Circ_Depth_086d,24.34,24.4,24.23,24.29,24.24,24.29,S01d_Seat_Circ_Depth_086d,0
S01w_Seat_Circ_Width_086w,33.13,33.75,33.11,33.06,32.99,33.11,S01w_Seat_Circ_Width_086w,33.13,33.75,33.11,33.06,32.99,33.11,S01w_Seat_Circ_Width_086w,0
S01h_Seat_Circ_Height_086h,91.12,88.73,91.08,91.56,91.69,91.12,S01h_Seat_Circ_Height_086h,91.12,88.73,91.08,91.56,91.69,91.12,S01h_Seat_Circ_Height_086h,0
S01zf_Seat_Z_Point_Fr_086zf,7.83,8.18,7.91,7.93,7.83,7.91,S01zf_Seat_Z_Point_Fr_086zf,7.83,8.18,7.91,7.93,7.83,7.91,S01zf_Seat_Z_Point_Fr_086zf,0
S01zb_Seat_Z_Point_Bk_086zb,-16.52,-16.22,-16.33,-16.36,-16.41,-16.36,S01zb_Seat_Z_Point_Bk_086zb,-16.52,-16.22,-16.33,-16.36,-16.41,-16.36,S01zb_Seat_Z_Point_Bk_086zb,0
H01c_Hip_CircTM_085c,96.94,96.91,96.8,96.84,96.92,96.91,H01c_Hip_CircTM_085c,96.94,96.91,96.8,96.84,96.92,96.91,H01c_Hip_CircTM_085c,0
H01f_Hip_Fr_Arc_085f,43.56,44.8,44.06,44.11,45.45,44.11,H01f_Hip_Fr_Arc_085f,43.56,44.8,44.06,44.11,45.45,44.11,H01f_Hip_Fr_Arc_085f,0
H01b_Hip_Bk_Arc_085b,53.31,52.05,52.68,52.68,51.41,52.68,H01b_Hip_Bk_Arc_085b,53.31,52.05,52.68,52.68,51.41,52.68,H01b_Hip_Bk_Arc_085b,0
H01d_Hip_Circ_Depth_085d,24.13,23.92,23.95,23.73,24.14,23.95,H01d_Hip_Circ_Depth_085d,24.13,23.92,23.95,23.73,24.16,23.95,H01d_Hip_Circ_Depth_085d,0
H01w_Hip_Circ_Width_085w,35.61,35.72,35.64,35.79,35.69,35.69,H01w_Hip_Circ_Width_085w,35.61,35.72,35.65,35.79,35.67,35.67,H01w_Hip_Circ_Width_085w,-0.02
H01h_Hip_Circ_Height_085h,83.99,83.52,83.44,83.14,83.51,83.51,H01h_Hip_Circ_Height_085h,83.99,83.52,83.43,83.13,83.6,83.52,H01h_Hip_Circ_Height_085h,0.01
H01zf_Hip_Circ_Fr_Z_085zf,8.59,8.79,8.68,8.73,8.74,8.73,H01zf_Hip_Circ_Fr_Z_085zf,8.59,8.79,8.68,8.73,8.74,8.73,H01zf_Hip_Circ_Fr_Z_085zf,0
H01zb_Hip_Circ_Bk_Z_085zb,-15.54,-15.13,-15.27,-15,-15.4,-15.27,H01zb_Hip_Circ_Bk_Z_085zb,-15.54,-15.13,-15.27,-15,-15.42,-15.27,H01zb_Hip_Circ_Bk_Z_085zb,0
C10c_Crotch_Height_Circ_036c,94.86,94.95,94.82,95.66,95.02,94.95,C10c_Crotch_Height_Circ_036c,94.86,94.95,94.82,95.66,95.02,94.95,C10c_Crotch_Height_Circ_036c,0
C10c1_Crotch_Height_Circ_Contour_036c1,104.48,104.91,105.46,100.74,105.1,104.91,C10c1_Crotch_Height_Circ_Contour_036c1,104.48,104.91,105.46,100.74,105.1,104.91,C10c1_Crotch_Height_Circ_Contour_036c1,0
C10h_Crotch_Height_036h,76.97,76.96,76.69,78.74,76.99,76.97,C10h_Crotch_Height_036h,76.97,76.96,76.69,78.74,76.99,76.97,C10h_Crotch_Height_036h,0
C10l_Crotch_Length_036l,78.39,79.31,80.95,79.84,79.79,79.79,C10l_Crotch_Length_036l,78.39,79.24,80.84,79.78,79.61,79.61,C10l_Crotch_Length_036l,-0.18
C10lf_Crotch_Length_Fr_036lf,38.69,39.15,40.19,39.73,39.26,39.26,C10lf_Crotch_Length_Fr_036lf,38.69,39.09,40.08,39.67,39.07,39.09,C10lf_Crotch_Length_Fr_036lf,-0.17
C10lb_Crotch_Length_Bk_036lb,39.7,40.15,40.76,40.11,40.53,40.15,C10lb_Crotch_Length_Bk_036lb,39.7,40.15,40.76,40.11,40.53,40.15,C10lb_Crotch_Length_Bk_036lb,0
C10z_Crotch_Point_Z,-2.38,-2.17,-2.43,-2.37,-2.18,-2.37,C10z_Crotch_Point_Z,-2.38,-2.17,-2.43,-2.37,-2.18,-2.37,C10z_Crotch_Point_Z,0
C10lil_Cr_Left_Inside_Leg,78.2,78.18,77.91,79.87,78.23,78.2,C10lil_Cr_Left_Inside_Leg,78.2,78.18,77.91,79.87,78.23,78.2,C10lil_Cr_Left_Inside_Leg,0
C10ril_Cr_Right_Inside_Leg,78.13,78.13,77.9,79.98,78.18,78.13,C10ril_Cr_Right_Inside_Leg,78.13,78.13,77.9,79.98,78.18,78.13,C10ril_Cr_Right_Inside_Leg,0
T01cl_Thigh_Circ_L_044cl,54.22,54.09,53.86,54.77,54.29,54.22,T01cl_Thigh_Circ_L_044cl,54.22,54.09,53.86,54.77,54.29,54.22,T01cl_Thigh_Circ_L_044cl,0
T01hl_Thigh_Circ_Height_L_044hl,71.89,71.87,71.6,73.63,71.88,71.88,T01hl_Thigh_Circ_Height_L_044hl,71.89,71.87,71.6,73.63,71.88,71.88,T01hl_Thigh_Circ_Height_L_044hl,0
T01dl_Thigh_Circ_L_Depth,17.64,17.62,17.53,17.69,17.66,17.64,T01dl_Thigh_Circ_L_Depth,17.64,17.62,17.53,17.69,17.66,17.64,T01dl_Thigh_Circ_L_Depth,0
T01wl_Thigh_Circ_L_Width,17.41,17.39,17.24,17.08,17.44,17.39,T01wl_Thigh_Circ_L_Width,17.41,17.39,17.24,17.08,17.44,17.39,T01wl_Thigh_Circ_L_Width,0
T01cr_Thigh_Circ_R_045cr,54.88,54.93,54.67,56.2,54.89,54.89,T01cr_Thigh_Circ_R_045cr,54.88,54.93,54.67,56.2,54.89,54.89,T01cr_Thigh_Circ_R_045cr,0
T01hr_Thigh_Circ_Height_R_045hr,71.89,71.87,71.6,73.63,71.88,71.88,T01hr_Thigh_Circ_Height_R_045hr,71.89,71.87,71.6,73.63,71.88,71.88,T01hr_Thigh_Circ_Height_R_045hr,0
T01dr_Thigh_Circ_R_Depth,17.2,17.03,17.09,17.55,17.17,17.17,T01dr_Thigh_Circ_R_Depth,17.2,17.03,17.09,17.55,17.17,17.17,T01dr_Thigh_Circ_R_Depth,0
T01wr_Thigh_Circ_R_Width,18.22,18.17,18.06,18.45,18.17,18.17,T01wr_Thigh_Circ_R_Width,18.22,18.17,18.06,18.45,18.17,18.17,T01wr_Thigh_Circ_R_Width,0
T01xw_Thigh_MidLeg_Width,18.91,18.99,19.04,19.01,18.93,18.99,T01xw_Thigh_MidLeg_Width,18.91,18.99,19.04,19.01,18.93,18.99,T01xw_Thigh_MidLeg_Width,0
T01z_Offset_Middle_R_Thigh_Z_from_Crotch_Z,6.22,6.35,6.12,6.41,6.41,6.35,T01z_Offset_Middle_R_Thigh_Z_from_Crotch_Z,6.22,6.35,6.12,6.41,6.41,6.35,T01z_Offset_Middle_R_Thigh_Z_from_Crotch_Z,0
T01xlr_Thigh_Inner_X_Width,6.79,6.97,6.87,7.6,6.7,6.87,T01xlr_Thigh_Inner_X_Width,6.79,6.97,6.87,7.6,6.7,6.87,T01xlr_Thigh_Inner_X_Width,0
M01cl_Mid_Thigh_Circ_L_046cl,41.33,40.85,40.68,43.28,41.06,41.06,M01cl_Mid_Thigh_Circ_L_046cl,41.33,40.85,40.68,43.28,41.06,41.06,M01cl_Mid_Thigh_Circ_L_046cl,0
M01hl_Mid_Thigh_Circ_Height_L_046hl,59.43,59.04,58.87,60.89,59.08,59.08,M01hl_Mid_Thigh_Circ_Height_L_046hl,59.43,59.04,58.87,60.89,59.08,59.08,M01hl_Mid_Thigh_Circ_Height_L_046hl,0
M01dl_Mid_Thigh_Circ_L_Depth,14.2,14.09,14.04,14.74,14.09,14.09,M01dl_Mid_Thigh_Circ_L_Depth,14.2,14.09,14.04,14.74,14.09,14.09,M01dl_Mid_Thigh_Circ_L_Depth,0
M01wl_Mid_Thigh_Circ_L_Width,12.78,12.6,12.52,13.28,12.75,12.75,M01wl_Mid_Thigh_Circ_L_Width,12.78,12.6,12.52,13.28,12.75,12.75,M01wl_Mid_Thigh_Circ_L_Width,0
M01cr_Mid_Thigh_Circ_R_047cr,43.15,43.24,42.97,45.41,43.29,43.24,M01cr_Mid_Thigh_Circ_R_047cr,43.15,43.24,42.97,45.41,43.29,43.24,M01cr_Mid_Thigh_Circ_R_047cr,0
M01hr_Mid_Thigh_Circ_Height_R_047hr,59.05,59.04,58.87,60.38,59.08,59.05,M01hr_Mid_Thigh_Circ_Height_R_047hr,59.05,59.04,58.87,60.38,59.08,59.05,M01hr_Mid_Thigh_Circ_Height_R_047hr,0
M01dr_Mid_Thigh_Circ_R_Depth,14.15,14.11,14.13,14.86,14.23,14.15,M01dr_Mid_Thigh_Circ_R_Depth,14.15,14.11,14.13,14.86,14.23,14.15,M01dr_Mid_Thigh_Circ_R_Depth,0
M01wr_Mid_Thigh_Circ_R_Width,13.28,13.37,13.34,13.89,13.3,13.34,M01wr_Mid_Thigh_Circ_R_Width,13.28,13.37,13.34,13.89,13.3,13.34,M01wr_Mid_Thigh_Circ_R_Width,0
M01xw_Mid_Thigh_MidLeg_Width,20.86,20.96,21.02,20.75,20.91,20.91,M01xw_Mid_Thigh_MidLeg_Width,20.86,20.96,21.02,20.75,20.91,20.91,M01xw_Mid_Thigh_MidLeg_Width,0
K01cl_Knee_Circ_L_048cl,36.08,36.46,36.25,36.62,36.43,36.43,K01cl_Knee_Circ_L_048cl,36.08,36.46,36.25,36.62,36.43,36.43,K01cl_Knee_Circ_L_048cl,0
K01hl -Knee Circ Height L- 048hl,46.98,46.22,46.14,48.15,46.28,46.28,K01hl -Knee Circ Height L- 048hl,46.98,46.22,46.14,48.15,46.28,46.28,K01hl -Knee Circ Height L- 048hl,0
K01dl_Knee_Circ_L_Depth,12.2,12.06,11.92,12.46,12.08,12.08,K01dl_Knee_Circ_L_Depth,12.2,12.06,11.92,12.46,12.08,12.08,K01dl_Knee_Circ_L_Depth,0
K01wl_Knee_Circ_L_Width,11.66,11.99,11.98,11.93,11.88,11.93,K01wl_Knee_Circ_L_Width,11.66,11.99,11.98,11.93,11.88,11.93,K01wl_Knee_Circ_L_Width,0
K01cr_Knee_Circ_R_049cr,36.11,36.26,36.04,37.46,36.12,36.12,K01cr_Knee_Circ_R_049cr,36.11,36.26,36.04,37.46,36.12,36.12,K01cr_Knee_Circ_R_049cr,0
K01hr_Knee_Circ_Height_R_049hr,46.22,46.22,46.14,47.12,46.28,46.22,K01hr_Knee_Circ_Height_R_049hr,46.22,46.22,46.14,47.12,46.28,46.22,K01hr_Knee_Circ_Height_R_049hr,0
K01dr_Knee_Circ_R_Depth,11.76,11.87,11.77,12.09,11.71,11.77,K01dr_Knee_Circ_R_Depth,11.76,11.87,11.77,12.09,11.71,11.77,K01dr_Knee_Circ_R_Depth,0
K01wr_Knee_Circ_R_Width,11.53,11.6,11.47,12.11,11.58,11.58,K01wr_Knee_Circ_R_Width,11.53,11.6,11.47,12.11,11.58,11.58,K01wr_Knee_Circ_R_Width,0
K01xw_Knee_MidLeg_Width,24.73,24.77,24.8,24.05,24.7,24.73,K01xw_Knee_MidLeg_Width,24.73,24.77,24.8,24.05,24.7,24.73,K01xw_Knee_MidLeg_Width,0
K10cl_UnderKnee_Circ_L_050cl,36.08,36.34,36.35,36.12,36.37,36.34,K10cl_UnderKnee_Circ_L_050cl,36.08,36.34,36.35,36.12,36.37,36.34,K10cl_UnderKnee_Circ_L_050cl,0
K10hl_UnderKnee_Circ_Height_L_050hl,46.99,40.91,46.15,46.86,46.31,46.31,K10hl_UnderKnee_Circ_Height_L_050hl,46.99,40.91,46.15,46.86,46.31,46.31,K10hl_UnderKnee_Circ_Height_L_050hl,0
K10dl_UnderKnee_Circ_L_Depth,11.72,11.86,11.47,12.3,11.54,11.72,K10dl_UnderKnee_Circ_L_Depth,11.72,11.86,11.47,12.3,11.54,11.72,K10dl_UnderKnee_Circ_L_Depth,0
K10wl_UnderKnee_Circ_L_Width,11.72,10.93,12.04,11.79,11.99,11.79,K10wl_UnderKnee_Circ_L_Width,11.72,10.93,12.04,11.79,11.99,11.79,K10wl_UnderKnee_Circ_L_Width,0
K10cr_UnderKnee_Circ_R_051cr,35.53,35.55,35.46,35.83,35.63,35.55,K10cr_UnderKnee_Circ_R_051cr,35.53,35.55,35.46,35.83,35.63,35.55,K10cr_UnderKnee_Circ_R_051cr,0
K10hr_UnderKnee_Circ_Height_R_051hr,42.43,43.12,42.83,43.27,43.2,43.12,K10hr_UnderKnee_Circ_Height_R_051hr,42.43,43.12,42.83,43.27,43.2,43.12,K10hr_UnderKnee_Circ_Height_R_051hr,0
K10dr_UnderKnee_Circ_R_Depth,11.43,11.69,11.61,11.41,11.62,11.61,K10dr_UnderKnee_Circ_R_Depth,11.43,11.69,11.61,11.41,11.62,11.61,K10dr_UnderKnee_Circ_R_Depth,0
K10wr_UnderKnee_Circ_R_Width,11,11.06,11.03,11.14,11.05,11.05,K10wr_UnderKnee_Circ_R_Width,11,11.06,11.03,11.14,11.05,11.05,K10wr_UnderKnee_Circ_R_Width,0
K10xw_UnderKnee_MidLeg_Width,25.89,27.53,25.86,25.77,25.7,25.86,K10xw_UnderKnee_MidLeg_Width,25.89,27.53,25.86,25.77,25.7,25.86,K10xw_UnderKnee_MidLeg_Width,0
C20cl_Calf_Circ_L_054cl,37.25,36.88,36.88,36.92,37,36.92,C20cl_Calf_Circ_L_054cl,37.25,36.88,36.88,36.92,37,36.92,C20cl_Calf_Circ_L_054cl,0
C20hl_Calf_Circ_Height_L_054hl,38.04,38.55,38.51,38.91,37.91,38.51,C20hl_Calf_Circ_Height_L_054hl,38.04,38.55,38.51,38.91,37.91,38.51,C20hl_Calf_Circ_Height_L_054hl,0
C20dl_Calf_Circ_L_Depth,11.96,12.08,12.04,12.11,12.21,12.08,C20dl_Calf_Circ_L_Depth,11.96,12.08,12.04,12.11,12.21,12.08,C20dl_Calf_Circ_L_Depth,0
C20wl_Calf_Circ_L_Width,11.32,11.04,11.09,11.11,11.09,11.09,C20wl_Calf_Circ_L_Width,11.32,11.04,11.09,11.11,11.09,11.09,C20wl_Calf_Circ_L_Width,0
C20cr_Calf_Circ_R_055cr,36.64,36.71,36.71,37.01,36.84,36.71,C20cr_Calf_Circ_R_055cr,36.64,36.71,36.71,37.01,36.84,36.71,C20cr_Calf_Circ_R_055cr,0
C20hr_Calf_Circ_Height_R_055hr,36.41,35.34,35.32,35.95,35.41,35.41,C20hr_Calf_Circ_Height_R_055hr,36.41,35.34,35.32,35.95,35.41,35.41,C20hr_Calf_Circ_Height_R_055hr,0
C20dr_Calf_Circ_R_Depth,12.06,12.12,12.07,11.95,12.11,12.07,C20dr_Calf_Circ_R_Depth,12.06,12.12,12.07,11.95,12.11,12.07,C20dr_Calf_Circ_R_Depth,0
C20wr_Calf_Circ_R_Width,11.47,11.41,11.43,11.5,11.39,11.43,C20wr_Calf_Circ_R_Width,11.47,11.41,11.43,11.5,11.39,11.43,C20wr_Calf_Circ_R_Width,0
C20xw_Calf_MidLeg_Width,28.7,28.81,28.74,28.72,28.88,28.74,C20xw_Calf_MidLeg_Width,28.7,28.81,28.74,28.72,28.88,28.74,C20xw_Calf_MidLeg_Width,0
A20cl_Min_Leg_Circ_L_056cl,21.2,21.53,21.47,21.52,21.2,21.47,A20cl_Min_Leg_Circ_L_056cl,21.2,21.53,21.47,21.52,21.2,21.47,A20cl_Min_Leg_Circ_L_056cl,0
A20hl_Min_Leg_Circ_Height_L_056hl,11.43,11.46,14.55,14.49,11.57,11.57,A20hl_Min_Leg_Circ_Height_L_056hl,11.43,11.46,14.55,14.49,11.57,11.57,A20hl_Min_Leg_Circ_Height_L_056hl,0
A20cr_Min_Leg_Circ_R_057cr,22.23,22.18,22.05,22.37,22.27,22.23,A20cr_Min_Leg_Circ_R_057cr,22.23,22.18,22.05,22.37,22.27,22.23,A20cr_Min_Leg_Circ_R_057cr,0
A20hr_Min_Leg_Circ_Height_R_057hr,11.43,11.46,11.55,14.16,14.22,11.55,A20hr_Min_Leg_Circ_Height_R_057hr,11.43,11.46,11.55,14.16,14.22,11.55,A20hr_Min_Leg_Circ_Height_R_057hr,0
A10cl_Ankle_Circ_L_091cl,21.04,21.29,21.32,21.31,21.03,21.29,A10cl_Ankle_Circ_L_091cl,21.04,21.29,21.32,21.31,21.03,21.29,A10cl_Ankle_Circ_L_091cl,0
A10hl_Ankle_Circ_Height_L_091hl,11.43,11.45,11.54,11.4,11.54,11.45,A10hl_Ankle_Circ_Height_L_091hl,11.43,11.45,11.54,11.4,11.54,11.45,A10hl_Ankle_Circ_Height_L_091hl,0
A10dl_Ankle_Circ_L_Depth,8.33,8.42,8.55,8.46,8.27,8.42,A10dl_Ankle_Circ_L_Depth,8.33,8.42,8.55,8.46,8.27,8.42,A10dl_Ankle_Circ_L_Depth,0
A10wl_Ankle_Circ_L_Width,4.97,4.99,4.98,4.95,4.94,4.97,A10wl_Ankle_Circ_L_Width,4.97,4.99,4.98,4.95,4.94,4.97,A10wl_Ankle_Circ_L_Width,0
A10cr_Ankle_Circ_R_092cr,21.96,21.88,21.72,22.1,22.09,21.96,A10cr_Ankle_Circ_R_092cr,21.96,21.88,21.72,22.1,22.09,21.96,A10cr_Ankle_Circ_R_092cr,0
A10hr_Ankle_Circ_Height_R_092hr,11.43,11.45,11.54,11.4,11.54,11.45,A10hr_Ankle_Circ_Height_R_092hr,11.43,11.45,11.54,11.4,11.54,11.45,A10hr_Ankle_Circ_Height_R_092hr,0
A10dr_Ankle_Circ_R_Depth,8.12,8.22,8.15,8.44,8.23,8.22,A10dr_Ankle_Circ_R_Depth,8.12,8.22,8.15,8.44,8.23,8.22,A10dr_Ankle_Circ_R_Depth,0
A10wr_Ankle_Circ_R_Width,5.38,5.37,5.39,5.48,5.51,5.39,A10wr_Ankle_Circ_R_Width,5.38,5.37,5.39,5.48,5.51,5.39,A10wr_Ankle_Circ_R_Width,0
A10xw_Ankle_Midleg_Width,31.54,31.51,31.45,31.52,31.48,31.51,A10xw_Ankle_Midleg_Width,31.54,31.51,31.45,31.52,31.48,31.51,A10xw_Ankle_Midleg_Width,0
A10xw1_Inner_Ankle_Width,26.36,26.33,26.26,26.31,26.26,26.31,A10xw1_Inner_Ankle_Width,26.36,26.33,26.26,26.31,26.26,26.31,A10xw1_Inner_Ankle_Width,0
A40cl_Arm_Circ_at_Uarm_Circ_L,31.44,32.54,32.53,31.8,31.43,31.8,A40cl_Arm_Circ_at_Uarm_Circ_L,31.44,32.54,31.79,31.15,34.61,31.79,A40cl_Arm_Circ_at_Uarm_Circ_L,-0.01
A40cr_Arm_Circ_at_UArm_Circ_R,31.01,32.1,32.68,32.69,32.97,32.68,A40cr_Arm_Circ_at_UArm_Circ_R,31.01,31.99,32.18,31.74,33.64,31.99,A40cr_Arm_Circ_at_UArm_Circ_R,-0.69
B20cl_Bicep_Circ_L,31.96,32.51,31.93,32.03,32.23,32.03,B20cl_Bicep_Circ_L,31.96,32.51,31.97,32.22,32.58,32.22,B20cl_Bicep_Circ_L,0.19
B20cr_Bicep_Circ_R,32.17,33.08,32.48,32.76,33.1,32.76,B20cr_Bicep_Circ_R,32.17,33.18,32.57,32.75,32.94,32.75,B20cr_Bicep_Circ_R,-0.01
E01cl_Elbow_Circ_L,29.42,28.76,29.58,29.11,29.06,29.11,E01cl_Elbow_Circ_L,29.42,28.76,29.57,29.03,28.86,29.03,E01cl_Elbow_Circ_L,-0.08
E01hl_Elbow_Circ_Height_L,107.69,109.28,108,108.79,109.49,108.79,E01hl_Elbow_Circ_Height_L,107.69,109.28,108.12,108.94,109.84,108.94,E01hl_Elbow_Circ_Height_L,0.15
E01cr_Elbow_Circ_R,29.7,29.45,29.47,29.47,29.55,29.47,E01cr_Elbow_Circ_R,29.7,29.62,29.45,29.57,29.5,29.57,E01cr_Elbow_Circ_R,0.1
E01hr_Elbow_Circ_Height_R,107.6,109.21,108.84,107.1,109.16,108.84,E01hr_Elbow_Circ_Height_R,107.6,108.69,108.91,107.41,109.31,108.69,E01hr_Elbow_Circ_Height_R,-0.15
F01cl_Forearm_Circ_L,28.18,28.56,28.55,28.54,28.62,28.55,F01cl_Forearm_Circ_L,28.18,28.56,28.57,28.54,28.63,28.56,F01cl_Forearm_Circ_L,0.01
F01cr_Forearm_Circ_R,28.08,28.32,28.02,27.7,28.26,28.08,F01cr_Forearm_Circ_R,28.08,28.2,28.05,27.79,28.33,28.08,F01cr_Forearm_Circ_R,0
W10cl_Wrist_Circ_L_093,16.7,16.42,16.76,16.28,16.55,16.55,W10cl_Wrist_Circ_L_093,16.7,16.42,16.75,16.27,16.54,16.54,W10cl_Wrist_Circ_L_093,-0.01
W10cr_Wrist_Circ_R_094,15,14.94,14.75,16.85,15.04,15,W10cr_Wrist_Circ_R_094,15,14.95,14.75,16.99,15.04,15,W10cr_Wrist_Circ_R_094,0
A50cl_Arm_Circ_Outer_L,45.71,47.56,47.24,46.59,46.25,46.59,A50cl_Arm_Circ_Outer_L,45.71,47.56,47.47,48.23,46.74,47.47,A50cl_Arm_Circ_Outer_L,0.88
A50cr_Arm_Circ_Outer_R,47.18,50.46,48.49,49.05,49.37,49.05,A50cr_Arm_Circ_Outer_R,47.18,47.14,46.92,45.64,47.21,47.14,A50cr_Arm_Circ_Outer_R,-1.91
A51cl_Arm_Circ_L,51.41,54.26,53.39,54.05,51.06,53.39,A51cl_Arm_Circ_L,51.41,54.26,50.41,51.29,47.88,51.29,A51cl_Arm_Circ_L,-2.1
A51cr_Arm_Circ_R,53.67,36.82,52.68,53.43,53.58,53.43,A51cr_Arm_Circ_R,53.67,49.89,49.2,49.31,49.38,49.38,A51cr_Arm_Circ_R,-4.05
S11ll_Shoulder_Length_L,12.72,12.91,12.5,12.97,11.41,12.72,S11ll_Shoulder_Length_L,13.95,12.52,14.08,13.44,12.27,13.44,S11ll_Shoulder_Length_L,0.72
S11hl_Shoulder_Height_L,141.26,141.67,141.31,141.08,141.98,141.31,S11hl_Shoulder_Height_L,141.26,141.67,141.31,141.08,141.98,141.31,S11hl_Shoulder_Height_L,0
S11rl_Shoulder_Length_R,12.82,12.63,11.52,13.29,11.63,12.63,S11rl_Shoulder_Length_R,14.78,13.2,13.35,14.49,13.39,13.39,S11rl_Shoulder_Length_R,0.76
S11hr_Shoulder_Height_R,140.89,140.94,141.54,140.02,141.97,140.94,S11hr_Shoulder_Height_R,140.89,140.94,141.02,140.38,141.47,140.94,S11hr_Shoulder_Height_R,0
S11w_Shoulder_Width_Straight,39.14,38.38,37.81,39.82,36.37,38.38,S11w_Shoulder_Width_Straight,39.14,38.38,38.68,39.39,37.21,38.68,S11w_Shoulder_Width_Straight,0.3
S11f_Shoulder_Width_Horz_Fr_Arc_147,42.11,41.88,40.68,43.65,39.18,41.88,S11f_Shoulder_Width_Horz_Fr_Arc_147,42.11,41.88,41.82,43.13,40.07,41.88,S11f_Shoulder_Width_Horz_Fr_Arc_147,0
S11b_Shoulder_Width_Horz_Bk_Arc_002,47.56,46.03,46.64,48.1,44,46.64,S11b_Shoulder_Width_Horz_Bk_Arc_002,47.56,46.03,47.41,47.53,45.1,47.41,S11b_Shoulder_Width_Horz_Bk_Arc_002,0.77
S11c_Shoulder_Circ,89.67,87.91,87.32,91.75,83.18,87.91,S11c_Shoulder_Circ,89.67,87.91,89.22,90.66,85.18,89.22,S11c_Shoulder_Circ,1.31
S11c1_Shoulder_Circ,88.47,85.16,88.09,88.32,82.98,88.09,S11c1_Shoulder_Circ,88.47,85.16,88.09,88.32,82.98,88.09,S11c1_Shoulder_Circ,0
S12w_Shoulder_Width_Bk_through_CB_Nk,43.32,42.01,41.75,44.01,39.87,42.01,S12w_Shoulder_Width_Bk_through_CB_Nk,43.32,42.01,42.69,43.67,40.9,42.69,S12w_Shoulder_Width_Bk_through_CB_Nk,0.68
N11l_Fr_L_Bust_Level_to_L_Snp_to_Back_L_Bust_Level,47.93,51.97,53.65,53.18,53.23,53.18,N11l_Fr_L_Bust_Level_to_L_Snp_to_Back_L_Bust_Level,48.25,51.38,53.02,52.93,53.45,52.93,N11l_Fr_L_Bust_Level_to_L_Snp_to_Back_L_Bust_Level,-0.25
N11r_Fr_R_Bust_Level_to_R_Snp_to_Back_R_Bust_Level,47.25,50.74,53.4,51.73,53.14,51.73,N11r_Fr_R_Bust_Level_to_R_Snp_to_Back_R_Bust_Level,48.22,50.32,52.24,52.54,53.45,52.24,N11r_Fr_R_Bust_Level_to_R_Snp_to_Back_R_Bust_Level,0.51
N11l1_Snp_L_to_Bust_L,21.82,24.41,24.24,24.56,24.38,24.38,N11l1_Snp_L_to_Bust_L,22.34,24.85,26.37,26.61,26.62,26.37,N11l1_Snp_L_to_Bust_L,1.99
N11r1_Snp_R_to_Bust_R,18.75,20.21,22.39,21.87,24.09,21.87,N11r1_Snp_R_to_Bust_R,23.39,24.17,24.94,25.71,25.84,24.94,N11r1_Snp_R_to_Bust_R,3.07
X01f_X_Fr_Arc_087,38.78,44.04,39.57,40.18,39.36,39.57,X01f_X_Fr_Arc_087,38.78,39.67,38.62,39.66,37.95,38.78,X01f_X_Fr_Arc_087,-0.79
X01b_X_Bk_Arc_088,39.8,38.74,38.74,39.04,37.54,38.74,X01b_X_Bk_Arc_088,39.8,38.51,33.97,33.63,32.19,33.97,X01b_X_Bk_Arc_088,-4.77
C30yh_Chin_Height_128,148.66,148.65,148.63,148.67,148.94,148.66,C30yh_Chin_Height_128,148.66,148.65,148.9,148.75,148.69,148.69,C30yh_Chin_Height_128,0.03
A60ll_Arm_Length_L_015,58.26,58.11,58.21,57.37,58.8,58.21,A60ll_Arm_Length_L_015,58.26,58.11,58.2,57.35,58.8,58.2,A60ll_Arm_Length_L_015,-0.01
A60lr_Arm_Length_R_016,56.74,56.97,57.48,57.6,58.86,57.48,A60lr_Arm_Length_R_016,56.74,56.96,55.67,57.55,57.96,56.96,A60lr_Arm_Length_R_016,-0.52
A60ll1_Underarm_Length_L,43.09,42.41,43.72,42.37,42.76,42.76,A60ll1_Underarm_Length_L,43.09,42.41,44.12,42.85,43.97,43.09,A60ll1_Underarm_Length_L,0.33
A60lr1_Underarm_Length_R,42.18,39.49,41.84,41.94,42.58,41.94,A60lr1_Underarm_Length_R,42.18,41.61,42.86,44.03,43.85,42.86,A60lr1_Underarm_Length_R,0.92
A61ll_Sleeve_Length_L,77.39,76.47,77.67,76.48,76.14,76.48,A61ll_Sleeve_Length_L,77.39,76.47,77.31,76.51,76.51,76.51,A61ll_Sleeve_Length_L,0.03
A61lr_Sleeve_Length_R,77.4,76.62,76.33,77.83,77.46,77.4,A61lr_Sleeve_Length_R,77.4,76.68,76.86,78.36,77.27,77.27,A61lr_Sleeve_Length_R,-0.13
N12y1_CB_Nk_to_Waist,40.94,39.36,38.94,38.69,40.18,39.36,N12y1_CB_Nk_to_Waist,40.94,39.36,39.05,40.07,40.13,40.07,N12y1_CB_Nk_to_Waist,0.71
N12y2_CB_Nk_to_Armscye_Ave,23.44,22.23,22.29,24.5,22.48,22.48,N12y2_CB_Nk_to_Armscye_Ave,23.44,22.09,21.14,22.31,21.05,22.09,N12y2_CB_Nk_to_Armscye_Ave,-0.39
N12y3_CB_Nk_to_Bust_Bk,21.47,22.05,23.57,22.97,23.96,22.97,N12y3_CB_Nk_to_Bust_Bk,21.47,22.05,23.09,24.41,24.04,23.09,N12y3_CB_Nk_to_Bust_Bk,0.12
N12y4_CB_Nk_to_Blades,19.47,19.41,19.58,19.33,19.61,19.47,N12y4_CB_Nk_to_Blades,19.47,19.43,19.61,19.5,19.63,19.5,N12y4_CB_Nk_to_Blades,0.03